{"mse": 0.009999999999999995, "mae": 0.09999999999999998, "r2": 0.9918492103922567}